school,title,depth,link,keywords,previous
http://parents.isecampus.nl/Flex/Som/Login.aspx?PageID=1689,"
	Portal -  Login
",[0],http://parents.isecampus.nl/Flex/Som/Login.aspx?PageID=1689,Login_Password_User,http://parents.isecampus.nl/Flex/Som/Login.aspx?PageID=1689
http://parents.isecampus.nl/Flex/Som/Login.aspx?PageID=1689,"
	 Home
",[1],http://www.stedelijkcollege.nl/Flex/Site/Page.aspx?PageID=&Lang=,platform,http://parents.isecampus.nl/Flex/Som/Login.aspx?PageID=1689
http://parents.isecampus.nl/Flex/Som/Login.aspx?PageID=1689,"
	International School Eindhoven About the ISE
",[1],http://www.isecampus.nl/Flex/Site/Page.aspx?PageID=&Lang=,portal_PORTAL,http://parents.isecampus.nl/Flex/Som/Login.aspx?PageID=1689
http://parents.isecampus.nl/Flex/Som/Login.aspx?PageID=1689,"
	International School Eindhoven newsletter subscription form
",[2],http://www.isecampus.nl/Flex/Site/Page.aspx?PageID=7523&Lang=UK,portal_PORTAL,http://tilburg.isecampus.nl/Flex/Site/Page.aspx?PageID=&Lang=
http://parents.isecampus.nl/Flex/Som/Login.aspx?PageID=1689,"
	 Raad van Toezicht
",[2],http://www.stedelijkcollege.nl/Flex/Site/Page.aspx?PageID=832&Lang=NL,platform,http://www.stedelijkcollege.nl/Flex/Site/Page.aspx?PageID=&Lang=
http://parents.isecampus.nl/Flex/Som/Login.aspx?PageID=1689,"
	 Home
",[2],http://stedelijkcollege.nl/Flex/Site/Page.aspx?PageID=&Lang=,platform,http://www.stedelijkcollege.nl/Flex/Site/Page.aspx?PageID=&Lang=
http://parents.isecampus.nl/Flex/Som/Login.aspx?PageID=1689,"
	Portaal -  Log in
",[2],https://ouders.stedelijkcollege.nl:443/Flex/Som/Login.aspx?PageID=1584,Login_Log in,http://www.stedelijkcollege.nl/Flex/Site/Page.aspx?PageID=&Lang=
http://parents.isecampus.nl/Flex/Som/Login.aspx?PageID=1689,"
	Portaal -  Log in
",[2],https://leerlingen.stedelijkcollege.nl:443/Flex/Som/Login.aspx?PageID=1572,Login_Log in,http://www.stedelijkcollege.nl/Flex/Site/Page.aspx?PageID=&Lang=
http://parents.isecampus.nl/Flex/Som/Login.aspx?PageID=1689,"
	 Open Dagen en Aanmelding
",[2],http://www.stedelijkcollege.nl/Flex/Site/Page.aspx?PageID=10143&Lang=NL,platform,http://www.stedelijkcollege.nl/Flex/Site/Page.aspx?PageID=&Lang=
http://parents.isecampus.nl/Flex/Som/Login.aspx?PageID=1689,"
	 Medezeggenschap
",[2],http://www.stedelijkcollege.nl/Flex/Site/Page.aspx?PageID=833&Lang=NL,platform_portal,http://www.stedelijkcollege.nl/Flex/Site/Page.aspx?PageID=&Lang=
http://parents.isecampus.nl/Flex/Som/Login.aspx?PageID=1689,"
	International School Eindhoven Childcare
",[2],http://www.isecampus.nl/Flex/Site/Page.aspx?PageID=14726,portal_PORTAL,http://www.isecampus.nl/Flex/Site/Page.aspx?PageID=&Lang=
http://parents.isecampus.nl/Flex/Som/Login.aspx?PageID=1689,"
	 Wie is wie
",[2],http://www.stedelijkcollege.nl/Flex/Site/Page.aspx?PageID=831&Lang=NL,platform,http://www.stedelijkcollege.nl/Flex/Site/Page.aspx?PageID=&Lang=
http://parents.isecampus.nl/Flex/Som/Login.aspx?PageID=1689,"
	 Kenmerken
",[2],http://www.stedelijkcollege.nl/Flex/Site/Page.aspx?PageID=829&Lang=NL,platform,http://www.stedelijkcollege.nl/Flex/Site/Page.aspx?PageID=&Lang=
http://parents.isecampus.nl/Flex/Som/Login.aspx?PageID=1689,"
	 Meteen de juiste keuze
",[2],http://www.stedelijkcollege.nl/Flex/Site/Page.aspx?PageID=826&Lang=NL,platform,http://www.stedelijkcollege.nl/Flex/Site/Page.aspx?PageID=&Lang=
http://parents.isecampus.nl/Flex/Som/Login.aspx?PageID=1689,"
	International School Eindhoven General information
",[2],http://www.isecampus.nl/Flex/Site/Page.aspx?PageID=7311&NoFrames=1,portal_PORTAL,http://www.isecampus.nl/Flex/Site/Page.aspx?PageID=&Lang=
http://parents.isecampus.nl/Flex/Som/Login.aspx?PageID=1689,"
Please Upgrade your Browser
-
International School Eindhoven –
OpenApply
",[2],https://isecampus.openapply.com/legend_browser,,http://www.isecampus.nl/Flex/Site/Page.aspx?PageID=&Lang=
http://parents.isecampus.nl/Flex/Som/Login.aspx?PageID=1689,"
	 Locaties
",[2],http://www.stedelijkcollege.nl/Flex/Site/Page.aspx?PageID=830&Lang=NL,platform,http://www.stedelijkcollege.nl/Flex/Site/Page.aspx?PageID=&Lang=
http://parents.isecampus.nl/Flex/Som/Login.aspx?PageID=1689,"
	 Home
",[2],http://www.stedelijkcollege.nl/Flex/Site/Page.aspx?PageID=3366&Lang=NL,platform,http://www.stedelijkcollege.nl/Flex/Site/Page.aspx?PageID=&Lang=
http://parents.isecampus.nl/Flex/Som/Login.aspx?PageID=1689,"
	International School Eindhoven Directors Newsletter
",[2],http://www.isecampus.nl/Flex/News/Display.aspx?PageID=7221&ID=1283&CID=10&Lang=UK,portal_PORTAL,http://www.isecampus.nl/Flex/Site/Page.aspx?PageID=&Lang=
http://parents.isecampus.nl/Flex/Som/Login.aspx?PageID=1689,"
	International School Eindhoven About the ISE
",[2],http://www.isecampus.nl/Flex/Site/Page.aspx?PageID=7108,portal_PORTAL,http://www.isecampus.nl/Flex/Site/Page.aspx?PageID=&Lang=
http://parents.isecampus.nl/Flex/Som/Login.aspx?PageID=1689,"
	 Nieuwsoverzicht
",[2],http://www.stedelijkcollege.nl/Flex/News/OverviewNew.aspx?PageID=12425&Lang=NL&CID=0,platform,http://www.stedelijkcollege.nl/Flex/Site/Page.aspx?PageID=&Lang=
http://parents.isecampus.nl/Flex/Som/Login.aspx?PageID=1689,"
	International School Eindhoven Parents Newsletter
",[2],http://www.isecampus.nl/Flex/News/Display.aspx?PageID=7221&ID=77&CID=10&Lang=UK,portal_PORTAL,http://www.isecampus.nl/Flex/Site/Page.aspx?PageID=&Lang=
http://parents.isecampus.nl/Flex/Som/Login.aspx?PageID=1689,"
	International School Eindhoven 'More than a school'
",[2],http://www.isecampus.nl/Flex/Site/Page.aspx?PageID=7156,portal_engage_PORTAL,http://www.isecampus.nl/Flex/Site/Page.aspx?PageID=&Lang=
http://parents.isecampus.nl/Flex/Som/Login.aspx?PageID=1689,"
SC_Eindhoven (@sc_eindhoven) • Instagram-foto's en -video's
",[2],https://www.instagram.com/sc_eindhoven/?hl=nl,platform_user,http://www.stedelijkcollege.nl/Flex/Site/Page.aspx?PageID=&Lang=
http://parents.isecampus.nl/Flex/Som/Login.aspx?PageID=1689,"
	 Folders & brochures
",[2],http://www.stedelijkcollege.nl/flex/site/Page.aspx?PageID=4614,platform,http://www.stedelijkcollege.nl/Flex/Site/Page.aspx?PageID=&Lang=
http://parents.isecampus.nl/Flex/Som/Login.aspx?PageID=1689,"
	 Toekomstdag vol workshops
",[2],http://www.stedelijkcollege.nl/Flex/News/Display.aspx?ID=1286&CID=18&Lang=NL,platform,http://www.stedelijkcollege.nl/Flex/Site/Page.aspx?PageID=&Lang=
http://parents.isecampus.nl/Flex/Som/Login.aspx?PageID=1689,"
	 Meteen de juiste keuze
",[2],http://www.stedelijkcollege.nl/flex/site/Page.aspx?PageID=826,platform,http://www.stedelijkcollege.nl/Flex/Site/Page.aspx?PageID=&Lang=
http://parents.isecampus.nl/Flex/Som/Login.aspx?PageID=1689,"
	 Alle geslaagden gefeliciteerd!
",[2],http://www.stedelijkcollege.nl/Flex/News/Display.aspx?ID=1282&CID=6&Lang=NL,platform,http://www.stedelijkcollege.nl/Flex/Site/Page.aspx?PageID=&Lang=
http://parents.isecampus.nl/Flex/Som/Login.aspx?PageID=1689,"
	 Stedelijk College Eindhoven
",[2],http://www.stedelijkcollege.nl/flex/site/Page.aspx?PageID=836,platform,http://www.stedelijkcollege.nl/Flex/Site/Page.aspx?PageID=&Lang=
http://parents.isecampus.nl/Flex/Som/Login.aspx?PageID=1689,"
	 Tweetalig mavo erkend
",[2],http://www.stedelijkcollege.nl/Flex/News/Display.aspx?ID=1285&CID=17&Lang=NL,platform,http://www.stedelijkcollege.nl/Flex/Site/Page.aspx?PageID=&Lang=
http://parents.isecampus.nl/Flex/Som/Login.aspx?PageID=1689,"
	International School Eindhoven About the ISE
",[2],http://isecampus.nl/Flex/Site/Page.aspx?PageID=&Lang=,portal_PORTAL,http://www.stedelijkcollege.nl/Flex/Site/Page.aspx?PageID=&Lang=
http://parents.isecampus.nl/Flex/Som/Login.aspx?PageID=1689,"
	 Route beschrijving
",[2],http://www.stedelijkcollege.nl/Flex/Site/Page.aspx?PageID=871&Lang=NL,platform,http://www.stedelijkcollege.nl/Flex/Site/Page.aspx?PageID=&Lang=
http://parents.isecampus.nl/Flex/Som/Login.aspx?PageID=1689,"
	 Volg ons op onze app
",[2],http://stedelijkcollege.nl/Flex/Site/Page.aspx?PageID=11273&NoFrames=1,platform,http://www.stedelijkcollege.nl/Flex/Site/Page.aspx?PageID=&Lang=
http://parents.isecampus.nl/Flex/Som/Login.aspx?PageID=1689,"
	 Links
",[2],http://www.stedelijkcollege.nl/Flex/Site/Page.aspx?PageID=870&Lang=NL,platform_user,http://www.stedelijkcollege.nl/Flex/Site/Page.aspx?PageID=&Lang=
http://parents.isecampus.nl/Flex/Som/Login.aspx?PageID=1689,"
	 Colofon
",[2],http://www.stedelijkcollege.nl/Flex/Site/Page.aspx?PageID=872&Lang=NL,platform,http://www.stedelijkcollege.nl/Flex/Site/Page.aspx?PageID=&Lang=
http://parents.isecampus.nl/Flex/Som/Login.aspx?PageID=1689,"
	 Google Streetview
",[2],http://www.stedelijkcollege.nl/Flex/Site/Page.aspx?PageID=12447&Lang=NL,platform,http://www.stedelijkcollege.nl/Flex/Site/Page.aspx?PageID=&Lang=
http://parents.isecampus.nl/Flex/Som/Login.aspx?PageID=1689,"
	 Protocollen
",[2],http://www.stedelijkcollege.nl/Flex/Site/Page.aspx?PageID=867&Lang=NL,platform,http://www.stedelijkcollege.nl/Flex/Site/Page.aspx?PageID=&Lang=
http://parents.isecampus.nl/Flex/Som/Login.aspx?PageID=1689,"
	 Informatie aanvragen
",[2],http://www.stedelijkcollege.nl/Flex/Site/Page.aspx?PageID=862&Lang=NL,platform,http://www.stedelijkcollege.nl/Flex/Site/Page.aspx?PageID=&Lang=
http://parents.isecampus.nl/Flex/Som/Login.aspx?PageID=1689,"
	 Contact met onze scholen
",[2],http://www.stedelijkcollege.nl/Flex/Site/Page.aspx?PageID=863&Lang=NL,platform,http://www.stedelijkcollege.nl/Flex/Site/Page.aspx?PageID=&Lang=
http://parents.isecampus.nl/Flex/Som/Login.aspx?PageID=1689,"
	 Folders & brochures
",[2],http://www.stedelijkcollege.nl/Flex/Site/Page.aspx?PageID=4614&Lang=NL,platform,http://www.stedelijkcollege.nl/Flex/Site/Page.aspx?PageID=&Lang=
http://parents.isecampus.nl/Flex/Som/Login.aspx?PageID=1689,"
	 Vacature overzicht
",[2],http://www.stedelijkcollege.nl/Flex/Jobs/Overview.aspx?PageID=853&Lang=NL&CID=0,platform,http://www.stedelijkcollege.nl/Flex/Site/Page.aspx?PageID=&Lang=
http://parents.isecampus.nl/Flex/Som/Login.aspx?PageID=1689,"
	 10 - Adressen
",[2],http://www.stedelijkcollege.nl/Flex/Site/Page.aspx?PageID=13556&Lang=NL,platform,http://www.stedelijkcollege.nl/Flex/Site/Page.aspx?PageID=&Lang=
http://parents.isecampus.nl/Flex/Som/Login.aspx?PageID=1689,"
	 11 - Lijst met afkortingen
",[2],http://www.stedelijkcollege.nl/Flex/Site/Page.aspx?PageID=13557&Lang=NL,platform,http://www.stedelijkcollege.nl/Flex/Site/Page.aspx?PageID=&Lang=
http://parents.isecampus.nl/Flex/Som/Login.aspx?PageID=1689,"
	 08 - Zorg voor kwaliteit
",[2],http://www.stedelijkcollege.nl/Flex/Site/Page.aspx?PageID=13547&Lang=NL,platform,http://www.stedelijkcollege.nl/Flex/Site/Page.aspx?PageID=&Lang=
http://parents.isecampus.nl/Flex/Som/Login.aspx?PageID=1689,"
	 09 - Schooltijden en verlof
",[2],http://www.stedelijkcollege.nl/Flex/Site/Page.aspx?PageID=13552&Lang=NL,platform,http://www.stedelijkcollege.nl/Flex/Site/Page.aspx?PageID=&Lang=
http://parents.isecampus.nl/Flex/Som/Login.aspx?PageID=1689,"
	 07 - Financiën
",[2],http://www.stedelijkcollege.nl/Flex/Site/Page.aspx?PageID=13541&Lang=NL,platform,http://www.stedelijkcollege.nl/Flex/Site/Page.aspx?PageID=&Lang=
http://parents.isecampus.nl/Flex/Som/Login.aspx?PageID=1689,"
	 06 - Betrokkenen
",[2],http://www.stedelijkcollege.nl/Flex/Site/Page.aspx?PageID=13537&Lang=NL,platform,http://www.stedelijkcollege.nl/Flex/Site/Page.aspx?PageID=&Lang=
http://parents.isecampus.nl/Flex/Som/Login.aspx?PageID=1689,"
	 05 - Leerlingbegeleiding
",[2],http://www.stedelijkcollege.nl/Flex/Site/Page.aspx?PageID=13532&Lang=NL,platform,http://www.stedelijkcollege.nl/Flex/Site/Page.aspx?PageID=&Lang=
http://parents.isecampus.nl/Flex/Som/Login.aspx?PageID=1689,"
	 04 - De onderwijspraktijk
",[2],http://www.stedelijkcollege.nl/Flex/Site/Page.aspx?PageID=13527&Lang=NL,platform,http://www.stedelijkcollege.nl/Flex/Site/Page.aspx?PageID=&Lang=
http://parents.isecampus.nl/Flex/Som/Login.aspx?PageID=1689,"
	 Schoolboeken
",[2],http://www.stedelijkcollege.nl/Flex/Site/Page.aspx?PageID=1052&Lang=NL,platform,http://www.stedelijkcollege.nl/Flex/Site/Page.aspx?PageID=&Lang=
http://parents.isecampus.nl/Flex/Som/Login.aspx?PageID=1689,"
	 Aanmelding en toelating
",[2],http://www.stedelijkcollege.nl/Flex/Site/Page.aspx?PageID=911&Lang=NL,platform,http://www.stedelijkcollege.nl/Flex/Site/Page.aspx?PageID=&Lang=
http://parents.isecampus.nl/Flex/Som/Login.aspx?PageID=1689,"
	 03 - Inrichting onderwijs
",[2],http://www.stedelijkcollege.nl/Flex/Site/Page.aspx?PageID=13521&Lang=NL,platform,http://www.stedelijkcollege.nl/Flex/Site/Page.aspx?PageID=&Lang=
http://parents.isecampus.nl/Flex/Som/Login.aspx?PageID=1689,"
	 02 - Doelstellingen
",[2],http://www.stedelijkcollege.nl/Flex/Site/Page.aspx?PageID=13516&Lang=NL,platform,http://www.stedelijkcollege.nl/Flex/Site/Page.aspx?PageID=&Lang=
http://parents.isecampus.nl/Flex/Som/Login.aspx?PageID=1689,"
	 Mediatheken
",[2],http://www.stedelijkcollege.nl/Flex/Site/Page.aspx?PageID=848&Lang=NL,platform,http://www.stedelijkcollege.nl/Flex/Site/Page.aspx?PageID=&Lang=
http://parents.isecampus.nl/Flex/Som/Login.aspx?PageID=1689,"
	 Financiën en verzekeringen
",[2],http://www.stedelijkcollege.nl/Flex/Site/Page.aspx?PageID=909&Lang=NL,platform,http://www.stedelijkcollege.nl/Flex/Site/Page.aspx?PageID=&Lang=
http://parents.isecampus.nl/Flex/Som/Login.aspx?PageID=1689,"
	 01 - De Stichting
",[2],http://www.stedelijkcollege.nl/Flex/Site/Page.aspx?PageID=13509&Lang=NL,platform,http://www.stedelijkcollege.nl/Flex/Site/Page.aspx?PageID=&Lang=
http://parents.isecampus.nl/Flex/Som/Login.aspx?PageID=1689,"
	 Stedelijk College Eindhoven
",[2],http://www.stedelijkcollege.nl/Flex/Site/Page.aspx?PageID=836&Lang=NL,platform,http://www.stedelijkcollege.nl/Flex/Site/Page.aspx?PageID=&Lang=
http://parents.isecampus.nl/Flex/Som/Login.aspx?PageID=1689,"
	 ICT
",[2],http://www.stedelijkcollege.nl/Flex/Site/Page.aspx?PageID=847&Lang=NL,platform,http://www.stedelijkcollege.nl/Flex/Site/Page.aspx?PageID=&Lang=
http://parents.isecampus.nl/Flex/Som/Login.aspx?PageID=1689,"
	 Kwaliteit
",[2],http://www.stedelijkcollege.nl/Flex/Site/Page.aspx?PageID=843&Lang=NL,platform,http://www.stedelijkcollege.nl/Flex/Site/Page.aspx?PageID=&Lang=
http://parents.isecampus.nl/Flex/Som/Login.aspx?PageID=1689,"
	 Zorg voor leerlingen - leerlingbegeleiding
",[2],http://www.stedelijkcollege.nl/Flex/Site/Page.aspx?PageID=838&Lang=NL,platform,http://www.stedelijkcollege.nl/Flex/Site/Page.aspx?PageID=&Lang=
http://parents.isecampus.nl/Flex/Som/Login.aspx?PageID=1689,"
	 Trion Opleidingsschool
",[2],http://www.stedelijkcollege.nl/Flex/Site/Page.aspx?PageID=14731&Lang=NL,platform,http://www.stedelijkcollege.nl/Flex/Site/Page.aspx?PageID=&Lang=
http://parents.isecampus.nl/Flex/Som/Login.aspx?PageID=1689,"
	 Orion
",[2],http://www.stedelijkcollege.nl/Flex/Site/Page.aspx?PageID=834&Lang=NL,platform,http://www.stedelijkcollege.nl/Flex/Site/Page.aspx?PageID=&Lang=
